{
    "T": [
        0,
        3600,
        7200,
        10800,
        14400,
        18000,
        21600,
        25200,
        28800,
        32400,
        36000,
        39600,
        43200,
        46800,
        50400,
        54000,
        57600,
        61200,
        64800,
        68400,
        72000,
        75600,
        79200,
        82800
    ],
    "P_CT_WD": [
        0,
        0,
        0,
        0,
        0,
        0,
        0,
        0,
        0,
        0,
        0,
        0,
        0,
        0,
        0,
        0,
        0,
        0,
        0,
        0,
        0,
        0,
        0,
        0
    ],
    "P_CT_PV": [
        0,
        0,
        0,
        0,
        0,
        0,
        0,
        1112.5,
        287081.25,
        1049418.75,
        1648937.5,
        1230287.5,
        1358200.0,
        931306.25,
        1449737.5,
        1487075.0,
        1547712.5,
        612237.5,
        79631.25,
        31.25,
        0,
        0,
        0,
        0
    ],
    "P_c_Cbu": [
        -391735.72530890757,
        -395127.2882992681,
        -386838.77182354353,
        -400327.6007992681,
        -398289.08432354353,
        -485746.16169024515,
        -487656.9441734741,
        -515761.0326086089,
        -559945.9159903694,
        -571927.4888872673,
        -544977.1976849856,
        -505042.4123485946,
        -497512.8490545069,
        -507461.4181791708,
        -539057.1803673216,
        -556814.997879199,
        -548009.3216730086,
        -497718.7258446488,
        -417148.0062447058,
        -465631.2785920775,
        -512742.0297472493,
        -508746.04423543904,
        -510549.1936157593,
        -500701.4805998985
    ],
    "P_c_CEV": [
        0,
        0,
        0,
        0,
        0,
        0,
        0,
        0,
        0,
        0,
        0,
        0,
        0,
        0,
        0,
        0,
        0,
        0,
        0,
        0,
        0,
        0,
        0,
        0
    ],
    "P_c_CPl": [
        0,
        0,
        0,
        0,
        0,
        0,
        0,
        0,
        0,
        0,
        0,
        0,
        0,
        0,
        0,
        0,
        0,
        0,
        0,
        0,
        0,
        0,
        0,
        0
    ],
    "P_ess_BAT": [
        159538.112726295,
        159538.112726295,
        159538.11272629502,
        159538.112726295,
        159538.11272629496,
        159538.112726295,
        159538.11272629502,
        159538.11272629496,
        86113.3249505888,
        -164991.261112733,
        -312499.99999999994,
        -312500.00000000006,
        -312499.99999999994,
        -111344.83182082901,
        -312499.99999999994,
        -312500,
        -312500.00000000006,
        0,
        150765.415204925,
        159538.112726295,
        159538.112726295,
        159538.112726295,
        159538.112726295,
        159538.112726295
    ],
    "P_ess_SC": [
        0,
        0,
        0,
        0,
        0,
        0,
        0,
        0,
        0,
        0,
        0,
        0,
        0,
        0,
        0,
        0,
        0,
        0,
        0,
        0,
        0,
        0,
        0,
        0
    ],
    "P_ess_HP": [
        186751.341039781,
        186751.341039781,
        186751.341039781,
        186751.341039781,
        186751.341039781,
        0,
        0,
        0,
        0,
        -312500,
        -312500,
        -312500,
        -312500,
        -312500,
        -312500,
        -312500,
        -312500,
        -114518.774155351,
        186751.341039781,
        186751.341039781,
        186751.341039781,
        186751.341039781,
        186751.341039781,
        186751.341039781
    ],
    "P2rk": [
        0,
        0,
        0,
        0,
        0,
        0,
        0,
        0,
        0,
        0,
        0,
        0,
        0,
        0,
        0,
        0,
        0,
        0,
        0,
        0,
        0,
        0,
        0,
        0
    ],
    "P_csp": [
        -1916.11,
        -1745.93,
        -1504.68,
        -1389.39,
        -1330.01,
        -1261.3,
        -25186.1,
        -49335.7,
        -48084.2,
        3928.43,
        12700.7,
        52287.9,
        60700.9,
        148898,
        108168,
        92478.7,
        142138,
        -3979.18,
        -3636.21,
        -3366.21,
        -2405.64,
        -2027.3,
        -1982.61,
        -1863.19
    ],
    "P_tsp": [
        1,
        1,
        1,
        1,
        1,
        1,
        1,
        1,
        1,
        1,
        1,
        1,
        1,
        1,
        1,
        1,
        1,
        1,
        1,
        1,
        1,
        1,
        1,
        1
    ],
    "P_ess_PCM": [
        0,
        0,
        0,
        0,
        0,
        0,
        0,
        0,
        0,
        0,
        0,
        0,
        0,
        0,
        0,
        0,
        0,
        0,
        0,
        0,
        0,
        0,
        0,
        0
    ],