{
    "T": [
        0,
        3600,
        7200,
        10800,
        14400,
        18000,
        21600,
        25200,
        28800,
        32400,
        36000,
        39600,
        43200,
        46800,
        50400,
        54000,
        57600,
        61200,
        64800,
        68400,
        72000,
        75600,
        79200,
        82800
    ],
    "P_CT_WD": [
        68.75,
        1712.5,
        5662.5,
        67981.25,
        93.75,
        3175,
        12056.25,
        10175,
        22181.25,
        194887.5,
        336000,
        217981.25,
        235475,
        133925,
        157206.25,
        81712.5,
        55593.75,
        175175,
        332050,
        145087.5,
        11268.75,
        0,
        287.5,
        0
    ],
    "P_CT_PV": [
        0,
        0,
        0,
        0,
        0,
        0,
        3200,
        105025,
        354950,
        787793.75,
        1516562.5,
        1754400.0,
        2021168.75,
        2055762.5,
        2010225.0,
        1873050.0,
        2095193.75,
        1809862.5,
        1284600.0,
        483493.75,
        148112.5,
        12187.5,
        0,
        0
    ],
    "P_c_Cbu": [
        -340412.28780890757,
        -331497.6007992681,
        -332710.64682354353,
        -343604.1632992681,
        -332612.52182354353,
        -414122.72419024515,
        -421633.5066734741,
        -482228.2201086089,
        -543275.6034903694,
        -550136.8638872673,
        -580924.0726849856,
        -591875.2248485945,
        -592297.224054507,
        -598775.4806791708,
        -652621.2428673216,
        -610611.872879199,
        -600421.8216730086,
        -550562.4758446488,
        -464054.2562447058,
        -504621.9035920775,
        -526945.1547472493,
        -501302.29423543904,
        -499149.1936157593,
        -481413.9805998985
    ],
    "P_c_CEV": [
        0,
        0,
        0,
        0,
        0,
        0,
        0,
        0,
        0,
        0,
        0,
        0,
        0,
        0,
        0,
        0,
        0,
        0,
        0,
        0,
        0,
        0,
        0,
        0
    ],
    "P_c_CPl": [
        0,
        0,
        0,
        0,
        0,
        0,
        0,
        0,
        0,
        0,
        0,
        0,
        0,
        0,
        0,
        0,
        0,
        0,
        0,
        0,
        0,
        0,
        0,
        0
    ],
    "P_ess_BAT": [
        0,
        0,
        0,
        0,
        40000,
        0,
        0,
        0,
        0,
        432544.38609999995,
        1244255.614,
        0,
        0,
        0,
        0,
        0,
        0,
        0,
        -1235219.9999999998,
        0,
        0,
        0,
        0,
        -481413.9806
    ],
    "P_ess_SC": [
        0,
        0,
        0,
        0,
        0,
        0,
        0,
        0,
        0,
        0,
        0,
        0,
        0,
        0,
        0,
        0,
        0,
        0,
        0,
        0,
        0,
        0,
        0,
        0
    ],
    "P_ess_HP": [
        0,
        0,
        373500.00000000006,
        373500.00000000006,
        -332518.7718,
        -406377.2567000001,
        450000,
        450000,
        0,
        -103.971503,
        0,
        0,
        0,
        0,
        0,
        0,
        0,
        0,
        0,
        0,
        -367563.9047,
        -489114.7942,
        -468321.30100000004,
        0
    ],
    "P2rk": [
        0,
        0,
        0,
        0,
        0,
        0,
        0,
        0,
        0,
        0,
        0,
        0,
        0,
        0,
        0,
        0,
        0,
        0,
        0,
        0,
        0,
        0,
        0,
        0
    ],
    "P_csp": [
        -2057.49,
        -1839.37,
        -1649.3,
        -1526.62,
        -1430.64,
        -1340.19,
        -1039.12,
        -851.263,
        -649.475,
        10896.5,
        144551,
        114128,
        177706,
        -5513.53,
        -2757.12,
        -79.1368,
        4999.22,
        64509.4,
        116911,
        166733,
        -5648.38,
        -5450.18,
        -2612.04,
        -1491.79
    ],
    "P_tsp": [
        100000,
        100000,
        100000,
        100000,
        100000,
        104425.928520796,
        120488.349186462,
        101963.98839452,
        105630.470978058,
        276861.884077084,
        293230.308600254,
        153967.95305056,
        100000,
        100000,
        152362.823725293,
        105405.140864806,
        160597.109345378,
        224652.062280543,
        130021.760274311,
        100000,
        100000,
        100000,
        100000,
        100000
    ],
    "P_ess_PCM": [
        62749.99999999999,
        62749.99999999999,
        62749.99999999999,
        62749.99999999999,
        62749.99999999999,
        89092.97520999999,
        608333.3452,
        1032778.937,
        1047916.678,
        857735.5489999999,
        0,
        0,
        0,
        0,
        0,
        0,
        0,
        0,
        0,
        0,
        0,
        0,
        0,
        0
    ],