{
    "FF": 0.5574691852078754,
    "FF_base": 0.5595242951696402,
    "FF_W": 0.7438715840428611,
    "FF_SB": 14.149139698262466,
    "FF_shift": -0.36864996600637245,
    "Eff": 0.7911005583553863
}