{
    "FF": 0.5182122115599777,
    "FF_base": 0.5595242951696402,
    "FF_W": 0.8007203271537315,
    "FF_SB": 14.827646425081124,
    "FF_shift": -7.972039772142865,
    "Eff": 0.7836637437491314
}