{
    "FF": 0.11579742877953414,
    "FF_base": 0.08585251983465839,
    "FF_W": -0.9795735693823915,
    "FF_SB": -122.5345403182561,
    "FF_shift": 25.85973562667582,
    "Eff": 0.8287696135083256
}