{
    "FF": 0.5124735099820471,
    "FF_base": 0.5595242951696402,
    "FF_W": 0.7972566065323083,
    "FF_SB": 12.001811215756398,
    "FF_shift": -9.181115564244749,
    "Eff": 0.8074070134239016
}