{
    "FF": 0.07996665448618714,
    "FF_base": 0.08585251983465839,
    "FF_W": -0.964825370561604,
    "FF_SB": -118.70037248542418,
    "FF_shift": -7.360399639437115,
    "Eff": 1.117529100459279
}