{
    "FF": 0.10491466628088847,
    "FF_base": 0.08585251983465839,
    "FF_W": -0.8074026955544105,
    "FF_SB": -108.98819569793237,
    "FF_shift": 18.169191326591953,
    "Eff": 0.9079053654861817
}