{
    "FF": 0.046040491722209725,
    "FF_base": 0.08585251983465839,
    "FF_W": -0.8070966533952753,
    "FF_SB": -117.61052917507848,
    "FF_shift": -86.47177000771154,
    "Eff": 1.2284173091942108
}