{
    "FF": 0.5595242951696402,
    "FF_base": 0.5595242951696402,
    "FF_W": 0.6059852266340215,
    "FF_SB": 0.0,
    "FF_shift": 0.0,
    "Eff": 0.6999835868290162
}