{
    "FF": 0.007965401696101845,
    "FF_base": 0.08585251983465839,
    "FF_W": -0.691558317823955,
    "FF_SB": -118.79613991806957,
    "FF_shift": -977.8178315435541,
    "Eff": 0.8343398869582929
}