{
    "FF": 0.08151789508268105,
    "FF_base": 0.08585251983465839,
    "FF_W": -0.8183807897806532,
    "FF_SB": -128.80538561709406,
    "FF_shift": -5.317390430139128,
    "Eff": 0.8126663970141095
}