{
    "FF": 0.509482893482765,
    "FF_base": 0.5595242951696402,
    "FF_W": 0.82958573347544,
    "FF_SB": 10.099710261305017,
    "FF_shift": -9.821998407993267,
    "Eff": 0.6722548094469948
}