{
    "FF": 0.5559081917680018,
    "FF_base": 0.5595242951696402,
    "FF_W": 0.46483417873231525,
    "FF_SB": 2.0287666777719338,
    "FF_shift": -0.650485719618167,
    "Eff": 0.8525743500398331
}