{"T":[0,3600,7200,10800,14400,18000,21600,25200,28800,32400,36000,39600,43200,46800,50400,54000,57600,61200,64800,68400,72000,75600,79200,82800],"P_CT_WD":[0,0,0,0,0,0,0,0,0,0,0,0,0,0,0,0,0,0,0,0,0,0,0,0],"P_CT_PV":[0,0,0,0,0,0,0,1112.5,287081.25,1.04941875E+6,1.6489375E+6,1.2302875E+6,1.3582E+6,931306.25,1.4497375E+6,1.487075E+6,1.5477125E+6,612237.5,79631.25,31.25,0,0,0,0],"P_c_Cbu":[-391735.72530890757,-395127.28829926811,-386838.77182354353,-400327.60079926811,-398289.08432354353,-485746.16169024515,-487656.9441734741,-515761.03260860889,-559945.91599036939,-571927.4888872673,-544977.19768498559,-505042.41234859457,-497512.84905450692,-507461.41817917081,-539057.18036732159,-556814.997879199,-548009.32167300861,-497718.72584464878,-417148.00624470582,-465631.27859207749,-512742.02974724933,-508746.04423543904,-510549.19361575932,-495060.8555998985],"P_c_CEV":[-0,-0,-0,-0,-0,-0,-0,-0,-0,-0,-0,-0,-0,-0,-26675,-91625,-114812.5,-285181.25,-356331.25,-324737.5,-247850,-0,-0,-0],"P_c_CPl":[-0,-0,-0,-0,-0,-0,-0,-407132.5,-217047.08333333334,-32438.333333333336,-42573.75,-757995.83333333326,-669006.66666666674,-563144.16666666663,-820760,-184033.75,-38177.916666666664,-0,-0,-0,-0,-0,-0,-0],"P_ess_BAT":[159538.112726295,159538.112726295,159538.112726295,159538.11272629502,159538.112726295,159538.112726295,159538.112726295,159538.112726295,86113.3249505888,-164991.26111273302,-312500,-312500,-312500,-111344.831820829,-312499.99999999994,-312499.99999999994,-312499.99999999994,0,150765.415204925,159538.112726295,159538.11272629502,159538.112726295,159538.112726295,159538.11272629502],"P_ess_SC":[0,0,0,0,0,0,0,0,0,0,0,0,0,0,0,0,0,0,0,0,0,0,0,0],"P_ess_HP":[186751.341039781,186751.341039781,186751.341039781,186751.341039781,186751.341039781,-0,-0,-0,-0,-312500,-312500,-312500,-312500,-312500,-312500,-312500,-312500,-114518.774155351,186751.341039781,186751.341039781,186751.341039781,186751.341039781,186751.341039781,186751.341039781],"P2rk":[0,0,0,0,0,0,0,0,0,0,0,0,0,-0,0,0,0,-0,0,0,0,0,0,0],"P_csp":[-1916.11,-1745.93,-1504.68,-1389.39,-1330.01,-1261.3,-25186.1,-49335.7,-48084.2,3928.43,12700.7,52287.9,60700.9,148898,108168,92478.7,142138,-3979.18,-3636.21,-3366.21,-2405.64,-2027.3,-1982.61,-1863.19],"P_tsp":[1,1,1,1,1,1,1,1,1,1,1,1,1,1,1,1,1,1,1,1,1,1,1,1],"P_ess_PCM":[0,0,0,0,0,0,0,0,0,0,0,0,0,0,0,0,0,0,0,0,0,0,0,0],"P_c_Ctbu":[[-62750.000000000007,-0,-0,-0,-0,-0,-0,-0,-0,-0,-0,-0],[-62750.000000000007,-0,-0,-0,-0,-0,-0,-0,-0,-0,-0,-0],[-62750.000000000007,-0,-0,-0,-0,-0,-0,-0,-0,-0,-0,-0],[-62750.000000000007,-0,-0,-0,-0,-0,-0,-0,-0,-0,-0,-0],[-62750.000000000007,-0,-0,-0,-0,-0,-0,-0,-0,-0,-0,-0],[-62750.000000000007,-0,-2634.2975206611586,-2634.2975206611586,-2634.2975206611586,-2634.2975206611586,-2634.2975206611586,-2634.2975206611586,-2634.2975206611586,-2634.2975206611586,-2634.2975206611586,-2634.2975206611586],[-188333.33333333334,-367314.06141520833,-5268.5950413223172,-5268.5950413223172,-5268.5950413223172,-5268.5950413223172,-5268.5950413223172,-5268.5950413223172,-5268.5950413223172,-5268.5950413223172,-5268.5950413223172,-5268.5950413223172],[-533750,-367314.06141520833,-13171.487603305752,-13171.487603305752,-13171.487603305752,-13171.487603305752,-13171.487603305752,-13171.487603305752,-13171.487603305752,-13171.487603305752,-13171.487603305752,-13171.487603305752],[-627916.66666666674,-367314.06141520833,-5268.5950413223172,-5268.5950413223172,-5268.5950413223172,-5268.5950413223172,-5268.5950413223172,-5268.5950413223172,-5268.5950413223172,-5268.5950413223172,-5268.5950413223172,-5268.5950413223172],[-477250.00000000006,-367314.06141520833,-1317.148760330575,-1317.148760330575,-1317.148760330575,-1317.148760330575,-1317.148760330575,-1317.148760330575,-1317.148760330575,-1317.148760330575,-1317.148760330575,-1317.148760330575],[-376750,-367314.06141520833,-0,-0,-0,-0,-0,-0,-0,-0,-0,-0],[-364166.66666666669,-399809.10313458339,-0,-0,-0,-0,-0,-0,-0,-0,-0,-0],[-351666.66666666669,-367314.06141520833,-0,-0,-0,-0,-0,-0,-0,-0,-0,-0],[-339083.33333333337,-367314.06141520833,-1317.148760330575,-1317.148760330575,-1317.148760330575,-1317.148760330575,-1317.148760330575,-1317.148760330575,-1317.148760330575,-1317.148760330575,-1317.148760330575,-1317.148760330575],[-313916.66666666669,-367314.06141520833,-1317.148760330575,-1317.148760330575,-1317.148760330575,-1317.148760330575,-1317.148760330575,-1317.148760330575,-1317.148760330575,-1317.148760330575,-1317.148760330575,-1317.148760330575],[-326500,-367314.06141520833,-2634.2975206611586,-2634.2975206611586,-2634.2975206611586,-2634.2975206611586,-2634.2975206611586,-2634.2975206611586,-2634.2975206611586,-2634.2975206611586,-2634.2975206611586,-2634.2975206611586],[-339083.33333333337,-399809.10313458339,-2634.2975206611586,-2634.2975206611586,-2634.2975206611586,-2634.2975206611586,-2634.2975206611586,-2634.2975206611586,-2634.2975206611586,-2634.2975206611586,-2634.2975206611586,-2634.2975206611586],[-351666.66666666669,-367314.06141520833,-2634.2975206611586,-2634.2975206611586,-2634.2975206611586,-2634.2975206611586,-2634.2975206611586,-2634.2975206611586,-2634.2975206611586,-2634.2975206611586,-2634.2975206611586,-2634.2975206611586],[-370500,-0,-10537.190082644667,-10537.190082644667,-10537.190082644667,-10537.190082644667,-10537.190082644667,-10537.190082644667,-10537.190082644667,-10537.190082644667,-10537.190082644667,-10537.190082644667],[-496083.33333333337,-0,-10537.190082644667,-10537.190082644667,-10537.190082644667,-10537.190082644667,-10537.190082644667,-10537.190082644667,-10537.190082644667,-10537.190082644667,-10537.190082644667,-10537.190082644667],[-464666.66666666669,-0,-2634.2975206611586,-2634.2975206611586,-2634.2975206611586,-2634.2975206611586,-2634.2975206611586,-2634.2975206611586,-2634.2975206611586,-2634.2975206611586,-2634.2975206611586,-2634.2975206611586],[-270000,-0,-2634.2975206611586,-2634.2975206611586,-2634.2975206611586,-2634.2975206611586,-2634.2975206611586,-2634.2975206611586,-2634.2975206611586,-2634.2975206611586,-2634.2975206611586,-2634.2975206611586],[-125583.33333333334,-0,-2634.2975206611586,-2634.2975206611586,-2634.2975206611586,-2634.2975206611586,-2634.2975206611586,-2634.2975206611586,-2634.2975206611586,-2634.2975206611586,-2634.2975206611586,-2634.2975206611586],[-18833.333333333336,-0,-1317.148760330575,-1317.148760330575,-1317.148760330575,-1317.148760330575,-1317.148760330575,-1317.148760330575,-1317.148760330575,-1317.148760330575,-1317.148760330575,-1317.148760330575]],"SOC_BAT":[0.5,0.46820717134427581,0.44462180828678516,0.42093239028832813,0.39717090100155,0.37333658668717845,0.3494287768889065,0.32544677362307622,0.30138910991593365,0.28835648437372174,0.313409759359871,0.360969038639989,0.40837614859962479,0.45546237725044264,0.47213612097814273,0.51863394036128352,0.56504625103259676,0.61115113634876861,0.61115113634876861,0.58928296961855187,0.56614742178687882,0.54290937256963145,0.51956979051274832,0.496135132644421],"SOC_SC":[0.50000000000000033,0.50000000000000033,0.50000000000000033,0.50000000000000033,0.50000000000000033,0.50000000000000033,0.50000000000000033,0.50000000000000033,0.50000000000000033,0.50000000000000033,0.50000000000000033,0.50000000000000033,0.50000000000000033,0.50000000000000033,0.50000000000000033,0.50000000000000033,0.50000000000000033,0.50000000000000033,0.50000000000000033,0.50000000000000033,0.50000000000000033,0.50000000000000033,0.50000000000000033,0.50000000000000033],"SOC_HP":[0.5,0.38831496386945896,0.27662992773891787,0.16494489160837678,0.053259855477835738,0,0,0,0,0.0051757625347605973,0.084135918025528333,0.16309607351629613,0.24205622900706386,0.32101638449783154,0.39997653998859928,0.478936695479367,0.55789685097013475,0.61184480105778838,0.581456606718957,0.469771570588416,0.35808653445787497,0.24640149832733393,0.13471646219679284,0.023031426066251748],"SOC_PCM":[1,1,1,1,1,1,1,1,1,1,1,1,1,1,1,1,1,1,1,1,1,1,1,1],