{
    "FF": 0.425005799070955,
    "FF_base": 0.4253496112117248,
    "FF_W": 0.34853862248465456,
    "FF_SB": 0.1280965736340377,
    "FF_shift": -0.08089587048492,
    "Eff": 0.23297338362285278
}