{
    "FF": 0.2826230252136838,
    "FF_base": 0.6433754837506728,
    "FF_W": -1.1370165609104463,
    "FF_SB": 86.99174668952729,
    "FF_shift": -127.64439778543645,
    "Eff": 0.17878404564043482
}