{
    "FF": 0.447700463980709,
    "FF_base": 0.34425252370801057,
    "FF_W": 10.1318139065285,
    "FF_SB": -186.94774858075598,
    "FF_shift": 23.106507273388914,
    "Eff": 0.1754431250410285
}