{
    "FF": 0.39503549250009323,
    "FF_base": 0.31644396283332243,
    "FF_W": 6.505725827700832,
    "FF_SB": -137.20268548688836,
    "FF_shift": 19.894802152936233,
    "Eff": 0.22034448134581308
}