{"T":[0,3600,7200,10800,14400,18000,21600,25200,28800,32400,36000,39600,43200,46800,50400,54000,57600,61200,64800,68400,72000,75600,79200,82800],"P_CT_WD":[883606.25,650893.75,712950,646381.25,713575,495637.5,293306.25,171306.25,86112.5,99256.25,110050,177493.75,218537.5,205443.75,62693.75,71393.75,3068.75,0,493.75,100,0,0,0,0],"P_CT_PV":[0,0,0,0,0,0,0,0,8731.25,269143.75,606043.75,762643.75,1.55589375E+6,816993.75,572993.75,389706.25,125368.75,18012.5,0,0,0,0,0,0],"P_c_Cbu":[-413727.91280890757,-381738.22579926811,-402685.64682354353,-402794.78829926811,-418048.45932354353,-526019.59919024515,-553850.6941734741,-673178.220108609,-776580.29099036939,-785338.4263872673,-725172.51018498559,-715931.47484859452,-695637.849054507,-715072.35567917081,-680614.99286732159,-621010.310379199,-585506.19667300861,-541251.53834464878,-463201.13124470582,-494684.40359207749,-537060.77974724933,-539064.794235439,-525058.56861575926,-505707.7305998985],"P_c_CEV":[-0,-0,-0,-0,-0,-0,-0,-0,-0,-0,-0,-0,-0,-0,-0,-0,-56693.75,-120812.5,-216212.5,-316487.5,-326787.5,-286293.75,-123925,-0],"P_c_CPl":[-0,-0,-0,-0,-0,-0,-0,-217047.08333333334,-439570.83333333331,-225836.66666666669,-341038.75,-647862.91666666663,-651416.66666666663,-25681.666666666668,-341038.75,-630970.83333333337,-211845.83333333331,-0,-0,-0,-0,-0,-0,-0],"P_ess_BAT":[-157378.337191092,-0,-0,-0,-0,0,34016.449470073,34016.449470073,34016.449470073,34016.449470073,-0,-0,-312499.99999999994,-0,-0,0,34016.449470073,34016.449470073,34016.449470073,34016.449470073,34016.449470073,34016.449470073,34016.449470073,34016.449470073007],"P_ess_SC":[0,0,0,0,0,0,0,0,0,0,0,0,0,0,0,0,0,0,0,0,0,0,0,0],"P_ess_HP":[-312500,-269155.524200732,-310264.353176456,-243586.46170073198,-295526.540676456,30382.099190245095,163004.81623329697,163004.81623329697,163004.81623329697,163004.81623329697,9078.76018498553,-224206.025151405,-312500,-307365.144320829,44927.4928673216,159910.310379199,163004.81623329697,163004.81623329697,163004.81623329697,163004.81623329697,163004.81623329697,163004.81623329697,-0,-0],"P2rk":[0,0,0,0,0,0,0,0,0,0,0,0,0,0,-0,0,-0,0,0,0,0,0,0,0],"P_csp":[-1916.11,-1745.93,-1504.68,-1389.39,-1330.01,-1261.3,-25186.1,-49335.7,-48084.2,3928.43,12700.7,52287.9,60700.9,148898,108168,92478.7,142138,-3979.18,-3636.21,-3366.21,-2405.64,-2027.3,-1982.61,-1863.19],"P_tsp":[1,1,1,1,1,1,1,1,1,1,1,1,1,1,1,1,1,1,1,1,1,1,1,1],"P_ess_PCM":[0,0,0,0,0,0,0,0,0,0,0,0,0,0,0,0,0,0,0,0,0,0,0,0],"P_c_Ctbu":[[-62750.000000000007,-0,-0,-0,-0,-0,-0,-0,-0,-0,-0,-0],[-62750.000000000007,-0,-0,-0,-0,-0,-0,-0,-0,-0,-0,-0],[-62750.000000000007,-0,-0,-0,-0,-0,-0,-0,-0,-0,-0,-0],[-62750.000000000007,-0,-0,-0,-0,-0,-0,-0,-0,-0,-0,-0],[-62750.000000000007,-0,-0,-0,-0,-0,-0,-0,-0,-0,-0,-0],[-62750.000000000007,-0,-2634.2975206611586,-2634.2975206611586,-2634.2975206611586,-2634.2975206611586,-2634.2975206611586,-2634.2975206611586,-2634.2975206611586,-2634.2975206611586,-2634.2975206611586,-2634.2975206611586],[-188333.33333333334,-367314.06141520833,-5268.5950413223172,-5268.5950413223172,-5268.5950413223172,-5268.5950413223172,-5268.5950413223172,-5268.5950413223172,-5268.5950413223172,-5268.5950413223172,-5268.5950413223172,-5268.5950413223172],[-533750,-367314.06141520833,-13171.487603305752,-13171.487603305752,-13171.487603305752,-13171.487603305752,-13171.487603305752,-13171.487603305752,-13171.487603305752,-13171.487603305752,-13171.487603305752,-13171.487603305752],[-627916.66666666674,-367314.06141520833,-5268.5950413223172,-5268.5950413223172,-5268.5950413223172,-5268.5950413223172,-5268.5950413223172,-5268.5950413223172,-5268.5950413223172,-5268.5950413223172,-5268.5950413223172,-5268.5950413223172],[-477250.00000000006,-367314.06141520833,-1317.148760330575,-1317.148760330575,-1317.148760330575,-1317.148760330575,-1317.148760330575,-1317.148760330575,-1317.148760330575,-1317.148760330575,-1317.148760330575,-1317.148760330575],[-376750,-367314.06141520833,-0,-0,-0,-0,-0,-0,-0,-0,-0,-0],[-364166.66666666669,-399809.10313458339,-0,-0,-0,-0,-0,-0,-0,-0,-0,-0],[-351666.66666666669,-367314.06141520833,-0,-0,-0,-0,-0,-0,-0,-0,-0,-0],[-339083.33333333337,-367314.06141520833,-1317.148760330575,-1317.148760330575,-1317.148760330575,-1317.148760330575,-1317.148760330575,-1317.148760330575,-1317.148760330575,-1317.148760330575,-1317.148760330575,-1317.148760330575],[-313916.66666666669,-367314.06141520833,-1317.148760330575,-1317.148760330575,-1317.148760330575,-1317.148760330575,-1317.148760330575,-1317.148760330575,-1317.148760330575,-1317.148760330575,-1317.148760330575,-1317.148760330575],[-326500,-367314.06141520833,-2634.2975206611586,-2634.2975206611586,-2634.2975206611586,-2634.2975206611586,-2634.2975206611586,-2634.2975206611586,-2634.2975206611586,-2634.2975206611586,-2634.2975206611586,-2634.2975206611586],[-339083.33333333337,-399809.10313458339,-2634.2975206611586,-2634.2975206611586,-2634.2975206611586,-2634.2975206611586,-2634.2975206611586,-2634.2975206611586,-2634.2975206611586,-2634.2975206611586,-2634.2975206611586,-2634.2975206611586],[-351666.66666666669,-367314.06141520833,-2634.2975206611586,-2634.2975206611586,-2634.2975206611586,-2634.2975206611586,-2634.2975206611586,-2634.2975206611586,-2634.2975206611586,-2634.2975206611586,-2634.2975206611586,-2634.2975206611586],[-370500,-0,-10537.190082644667,-10537.190082644667,-10537.190082644667,-10537.190082644667,-10537.190082644667,-10537.190082644667,-10537.190082644667,-10537.190082644667,-10537.190082644667,-10537.190082644667],[-496083.33333333337,-0,-10537.190082644667,-10537.190082644667,-10537.190082644667,-10537.190082644667,-10537.190082644667,-10537.190082644667,-10537.190082644667,-10537.190082644667,-10537.190082644667,-10537.190082644667],[-464666.66666666669,-0,-2634.2975206611586,-2634.2975206611586,-2634.2975206611586,-2634.2975206611586,-2634.2975206611586,-2634.2975206611586,-2634.2975206611586,-2634.2975206611586,-2634.2975206611586,-2634.2975206611586],[-270000,-0,-2634.2975206611586,-2634.2975206611586,-2634.2975206611586,-2634.2975206611586,-2634.2975206611586,-2634.2975206611586,-2634.2975206611586,-2634.2975206611586,-2634.2975206611586,-2634.2975206611586],[-125583.33333333334,-0,-2634.2975206611586,-2634.2975206611586,-2634.2975206611586,-2634.2975206611586,-2634.2975206611586,-2634.2975206611586,-2634.2975206611586,-2634.2975206611586,-2634.2975206611586,-2634.2975206611586],[-18833.333333333336,-0,-1317.148760330575,-1317.148760330575,-1317.148760330575,-1317.148760330575,-1317.148760330575,-1317.148760330575,-1317.148760330575,-1317.148760330575,-1317.148760330575,-1317.148760330575]],"SOC_BAT":[0.5,0.53136242759135077,0.53136242759135077,0.53136242759135077,0.53136242759135077,0.53136242759135077,0.53136242759135077,0.52635581875126614,0.52134946518280767,0.51633931961679513,0.51132537670523037,0.51132537670523037,0.51132537670523037,0.55745952278788224,0.55745952278788224,0.55745952278788224,0.55745952278788224,0.5524741973074625,0.547489123857078,0.54249960553536813,0.53750563487243819,0.53250769536202913,0.527505986356506,0.52250049915276464],"SOC_SC":[0.50000000000000033,0.50000000000000033,0.50000000000000033,0.50000000000000033,0.50000000000000033,0.50000000000000033,0.50000000000000033,0.50000000000000033,0.50000000000000033,0.50000000000000033,0.50000000000000033,0.50000000000000033,0.50000000000000033,0.50000000000000033,0.50000000000000033,0.50000000000000033,0.50000000000000033,0.50000000000000033,0.50000000000000033,0.50000000000000033,0.50000000000000033,0.50000000000000033,0.50000000000000033,0.50000000000000033],