{"T":[0,3600,7200,10800,14400,18000,21600,25200,28800,32400,36000,39600,43200,46800,50400,54000,57600,61200,64800,68400,72000,75600,79200,82800],"P_CT_WD":[68.75,1712.5,5662.5,67981.25,93.75,3175,12056.25,10175,22181.25,194887.5,336000,217981.25,235475,133925,157206.25,81712.5,55593.75,175175,332050,145087.5,11268.75,0,287.5,0],"P_CT_PV":[0,0,0,0,0,0,3200,105025,354950,787793.75,1.5165625E+6,1.7544E+6,2.02116875E+6,2.0557625E+6,2.010225E+6,1.87305E+6,2.09519375E+6,1.8098625E+6,1.2846E+6,483493.75,148112.5,12187.5,0,0],"P_c_Cbu":[-340412.28780890757,-331497.60079926811,-332710.64682354353,-343604.16329926811,-332612.52182354353,-414122.72419024515,-421633.5066734741,-482228.22010860889,-543275.60349036939,-550136.8638872673,-580924.07268498559,-591875.22484859452,-592297.224054507,-598775.48067917081,-652621.24286732159,-610611.872879199,-600421.82167300861,-550562.47584464878,-464054.25624470582,-504621.90359207749,-526945.15474724933,-501302.29423543904,-499149.19361575932,-481413.9805998985],"P_c_CEV":[-0,-0,-0,-0,-0,-0,-0,-0,-0,-0,-0,-0,-0,-0,-0,-57018.75,-167981.25,-242300,-218300,-290643.75,-184675,-162368.75,-123925,-0],"P_c_CPl":[-0,-0,-0,-0,-0,-0,-0,-0,-407132.5,-222768.75,-10259.583333333334,-0,-233134.58333333334,-489354.16666666669,-19649.166666666668,-41210,-720255.41666666674,-1.24121E+6,-347335.83333333331,-0,-0,-0,-0,-0],"P_ess_BAT":[59624.329859902507,49065.892850263,46328.9388745385,0,51799.563874538508,130228.51624124,125658.04872446902,86309.0121596038,-0,-113387.448029243,-113387.448029243,-113387.448029243,-113387.448029243,-113387.448029243,-113387.448029243,-113387.448029243,-113387.448029243,-113387.448029243,-113387.448029243,0,86844.6967982443,208395.58628643403,218142.485666754,202579.14765089302],"P_ess_SC":[0,0,0,0,0,0,0,0,0,0,0,0,0,0,0,0,0,0,0,0,0,0,0,0],"P_ess_HP":[280719.20794900495,280719.20794900495,280719.20794900495,-0,-0,-0,-0,-0,-0,-312500,-312500,-312500,-312500,-312500,-312500,-312500,-312500,-312500,-312500,-123959.346407923,280719.20794900495,280719.20794900495,280719.20794900495,280719.20794900495],"P2rk":[0,0,0,0,0,0,0,0,0,0,0,0,-0,-0,0,0,0,0,0,0,-0,0,0,0],"P_csp":[-1916.11,-1745.93,-1504.68,-1389.39,-1330.01,-1261.3,-25186.1,-49335.7,-48084.2,3928.43,12700.7,52287.9,60700.9,148898,108168,92478.7,142138,-3979.18,-3636.21,-3366.21,-2405.64,-2027.3,-1982.61,-1863.19],"P_tsp":[1,1,1,1,1,1,1,1,1,1,1,1,1,1,1,1,1,1,1,1,1,1,1,1],"P_ess_PCM":[0,0,0,0,0,0,0,0,0,0,0,0,0,0,0,0,0,0,0,0,0,0,0,0],"P_c_Ctbu":[[-62750.000000000007,-0,-0,-0,-0,-0,-0,-0,-0,-0,-0,-0],[-62750.000000000007,-0,-0,-0,-0,-0,-0,-0,-0,-0,-0,-0],[-62750.000000000007,-0,-0,-0,-0,-0,-0,-0,-0,-0,-0,-0],[-62750.000000000007,-0,-0,-0,-0,-0,-0,-0,-0,-0,-0,-0],[-62750.000000000007,-0,-0,-0,-0,-0,-0,-0,-0,-0,-0,-0],[-62750.000000000007,-0,-2634.2975206611586,-2634.2975206611586,-2634.2975206611586,-2634.2975206611586,-2634.2975206611586,-2634.2975206611586,-2634.2975206611586,-2634.2975206611586,-2634.2975206611586,-2634.2975206611586],[-188333.33333333334,-367314.06141520833,-5268.5950413223172,-5268.5950413223172,-5268.5950413223172,-5268.5950413223172,-5268.5950413223172,-5268.5950413223172,-5268.5950413223172,-5268.5950413223172,-5268.5950413223172,-5268.5950413223172],[-533750,-367314.06141520833,-13171.487603305752,-13171.487603305752,-13171.487603305752,-13171.487603305752,-13171.487603305752,-13171.487603305752,-13171.487603305752,-13171.487603305752,-13171.487603305752,-13171.487603305752],[-627916.66666666674,-367314.06141520833,-5268.5950413223172,-5268.5950413223172,-5268.5950413223172,-5268.5950413223172,-5268.5950413223172,-5268.5950413223172,-5268.5950413223172,-5268.5950413223172,-5268.5950413223172,-5268.5950413223172],[-477250.00000000006,-367314.06141520833,-1317.148760330575,-1317.148760330575,-1317.148760330575,-1317.148760330575,-1317.148760330575,-1317.148760330575,-1317.148760330575,-1317.148760330575,-1317.148760330575,-1317.148760330575],[-376750,-367314.06141520833,-0,-0,-0,-0,-0,-0,-0,-0,-0,-0],[-364166.66666666669,-399809.10313458339,-0,-0,-0,-0,-0,-0,-0,-0,-0,-0],[-351666.66666666669,-367314.06141520833,-0,-0,-0,-0,-0,-0,-0,-0,-0,-0],[-339083.33333333337,-367314.06141520833,-1317.148760330575,-1317.148760330575,-1317.148760330575,-1317.148760330575,-1317.148760330575,-1317.148760330575,-1317.148760330575,-1317.148760330575,-1317.148760330575,-1317.148760330575],[-313916.66666666669,-367314.06141520833,-1317.148760330575,-1317.148760330575,-1317.148760330575,-1317.148760330575,-1317.148760330575,-1317.148760330575,-1317.148760330575,-1317.148760330575,-1317.148760330575,-1317.148760330575],[-326500,-367314.06141520833,-2634.2975206611586,-2634.2975206611586,-2634.2975206611586,-2634.2975206611586,-2634.2975206611586,-2634.2975206611586,-2634.2975206611586,-2634.2975206611586,-2634.2975206611586,-2634.2975206611586],[-339083.33333333337,-399809.10313458339,-2634.2975206611586,-2634.2975206611586,-2634.2975206611586,-2634.2975206611586,-2634.2975206611586,-2634.2975206611586,-2634.2975206611586,-2634.2975206611586,-2634.2975206611586,-2634.2975206611586],[-351666.66666666669,-367314.06141520833,-2634.2975206611586,-2634.2975206611586,-2634.2975206611586,-2634.2975206611586,-2634.2975206611586,-2634.2975206611586,-2634.2975206611586,-2634.2975206611586,-2634.2975206611586,-2634.2975206611586],[-370500,-0,-10537.190082644667,-10537.190082644667,-10537.190082644667,-10537.190082644667,-10537.190082644667,-10537.190082644667,-10537.190082644667,-10537.190082644667,-10537.190082644667,-10537.190082644667],[-496083.33333333337,-0,-10537.190082644667,-10537.190082644667,-10537.190082644667,-10537.190082644667,-10537.190082644667,-10537.190082644667,-10537.190082644667,-10537.190082644667,-10537.190082644667,-10537.190082644667],[-464666.66666666669,-0,-2634.2975206611586,-2634.2975206611586,-2634.2975206611586,-2634.2975206611586,-2634.2975206611586,-2634.2975206611586,-2634.2975206611586,-2634.2975206611586,-2634.2975206611586,-2634.2975206611586],[-270000,-0,-2634.2975206611586,-2634.2975206611586,-2634.2975206611586,-2634.2975206611586,-2634.2975206611586,-2634.2975206611586,-2634.2975206611586,-2634.2975206611586,-2634.2975206611586,-2634.2975206611586],[-125583.33333333334,-0,-2634.2975206611586,-2634.2975206611586,-2634.2975206611586,-2634.2975206611586,-2634.2975206611586,-2634.2975206611586,-2634.2975206611586,-2634.2975206611586,-2634.2975206611586,-2634.2975206611586],[-18833.333333333336,-0,-1317.148760330575,-1317.148760330575,-1317.148760330575,-1317.148760330575,-1317.148760330575,-1317.148760330575,-1317.148760330575,-1317.148760330575,-1317.148760330575,-1317.148760330575]],"SOC_BAT":[0.5,0.488118036056999,0.48086288785297532,0.47400004626964487,0.47400004626964487,0.46631232388202148,0.44698626069596226,0.42832224277267833,0.41547069737876086,0.41547069737876086,0.43242644615400028,0.44938517032559516,0.46630672963707204,0.48319126148371505,0.50003900659239564,0.51685020491074318,0.53362111023548164,0.55034925937290435,0.567034995049853,0.5836766026088831,0.5836766026088831,0.57101019116433227,0.54061931013534958,0.5087361833477998],"SOC_SC":[0.50000000000000033,0.50000000000000033,0.50000000000000033,0.50000000000000033,0.50000000000000033,0.50000000000000033,0.50000000000000033,0.50000000000000033,0.50000000000000033,0.50000000000000033,0.50000000000000033,0.50000000000000033,0.50000000000000033,0.50000000000000033,0.50000000000000033,0.50000000000000033,0.50000000000000033,0.50000000000000033,0.50000000000000033,0.50000000000000033,0.50000000000000033,0.50000000000000033,0.50000000000000033,0.50000000000000033],"SOC_HP":[0.5,0.33211828783792779,0.16423657567585559,0,0,0,0,0,0,0.025697697568893896,0.10465785305966163,0.18361800855042937,0.26257816404119705,0.34153831953196484,0.42049847502273258,0.49945863051350026,0.578418786004268,0.65737894149503573,0.73633909698580347,0.791479733558233,0.73509157663641722,0.56720986447434507,0.39932815231227281,0.23144644015020061],