{"T":[0,3600,7200,10800,14400,18000,21600,25200,28800,32400,36000,39600,43200,46800,50400,54000,57600,61200,64800,68400,72000,75600,79200,82800],"P_CT_WD":[0,0,0,0,0,0,12.5,0,6.25,5018.75,5781.25,8537.5,7862.5,4193.75,4043.75,21343.75,10118.75,7487.5,5418.75,6312.5,27268.75,91837.5,1556.25,0],"P_CT_PV":[0,0,0,0,0,0,575,29143.75,165525,723375,1.244425E+6,1.646625E+6,1.91328125E+6,2.05233125E+6,2.07539375E+6,1.95639375E+6,1.7383E+6,1.4125E+6,1.02296875E+6,492531.25,144518.75,12837.5,0,0],"P_c_Cbu":[-324434.16280890757,-328930.41329926811,-329548.14682354353,-317002.60079926811,-313868.77182354353,-405064.91169024515,-453274.1316734741,-560853.220108609,-607189.66599036939,-613097.8013872673,-628466.26018498559,-642775.22484859452,-625105.036554507,-635334.85567917081,-583954.05536732159,-569843.122879199,-594010.88417300861,-568789.03834464878,-439046.44374470582,-469020.34109207749,-529796.71724724933,-531510.106735439,-503619.50611575932,-483715.5430998985],"P_c_CEV":[-0,-0,-0,-0,-0,-0,-0,-0,-0,-0,-0,-0,-0,-0,-30018.75,-28881.25,-54262.5,-65256.25,-153712.5,-322843.75,-361700,-306612.5,-123925,-0],"P_c_CPl":[-0,-0,-0,-0,-0,-0,-0,-0,-222768.75,-10259.583333333334,-424024.58333333331,-42804.166666666672,-63859.583333333328,-357930.83333333331,-1.2480829166666667E+6,-227267.91666666666,-341038.75,-620605,-173667.91666666666,-0,-0,-0,-0,-0],"P_ess_BAT":[77965.8830216847,82462.1335120453,83079.86703632072,70534.3210120453,67400.49203632072,158596.631903022,206218.35188625104,285241.19032138604,195190.13620314602,-0,-206847.788242158,-206847.788242158,-206847.788242158,-206847.788242158,-206847.788242158,-206847.788242158,-206847.788242158,-206847.788242158,-206847.788242158,0,111540.93746002602,180366.826948216,255594.976328536,252842.57581267605],"P_ess_SC":[0,0,0,0,0,0,0,0,0,0,0,0,0,0,0,0,0,0,0,0,0,0,0,0],"P_ess_HP":[246468.279787223,246468.279787223,246468.279787223,246468.279787223,-0,-0,-0,-0,-0,-115295.94861273299,-312500,-312500,-312500,-312500,-312500,-312500,-312500,-312500,-312500,-29823.4089079225,246468.279787223,246468.279787223,246468.279787223,246468.279787223],"P2rk":[0,0,0,0,0,0,0,0,0,0,0,-0,-0,-0.032763016545004409,-0,-0,-0,-0,-0,-0,0,-0,0,0],"P_csp":[-1916.11,-1745.93,-1504.68,-1389.39,-1330.01,-1261.3,-25186.1,-49335.7,-48084.2,3928.43,12700.7,52287.9,60700.9,148898.03276301656,108168,92478.7,142138,-3979.18,-3636.21,-3366.21,-2405.64,-2027.3,-1982.61,-1863.19],"P_tsp":[1,1,1,1,1,1,1,1,1,1,1,1,1,1,1,1,1,1,1,1,1,1,1,1],"P_ess_PCM":[0,0,0,0,0,0,0,0,0,0,0,0,0,0,0,0,0,0,0,0,0,0,0,0],"P_c_Ctbu":[[-62750.000000000007,-0,-0,-0,-0,-0,-0,-0,-0,-0,-0,-0],[-62750.000000000007,-0,-0,-0,-0,-0,-0,-0,-0,-0,-0,-0],[-62750.000000000007,-0,-0,-0,-0,-0,-0,-0,-0,-0,-0,-0],[-62750.000000000007,-0,-0,-0,-0,-0,-0,-0,-0,-0,-0,-0],[-62750.000000000007,-0,-0,-0,-0,-0,-0,-0,-0,-0,-0,-0],[-62750.000000000007,-0,-2634.2975206611586,-2634.2975206611586,-2634.2975206611586,-2634.2975206611586,-2634.2975206611586,-2634.2975206611586,-2634.2975206611586,-2634.2975206611586,-2634.2975206611586,-2634.2975206611586],[-188333.33333333334,-367314.06141520833,-5268.5950413223172,-5268.5950413223172,-5268.5950413223172,-5268.5950413223172,-5268.5950413223172,-5268.5950413223172,-5268.5950413223172,-5268.5950413223172,-5268.5950413223172,-5268.5950413223172],[-533750,-367314.06141520833,-13171.487603305752,-13171.487603305752,-13171.487603305752,-13171.487603305752,-13171.487603305752,-13171.487603305752,-13171.487603305752,-13171.487603305752,-13171.487603305752,-13171.487603305752],[-627916.66666666674,-367314.06141520833,-5268.5950413223172,-5268.5950413223172,-5268.5950413223172,-5268.5950413223172,-5268.5950413223172,-5268.5950413223172,-5268.5950413223172,-5268.5950413223172,-5268.5950413223172,-5268.5950413223172],[-477250.00000000006,-367314.06141520833,-1317.148760330575,-1317.148760330575,-1317.148760330575,-1317.148760330575,-1317.148760330575,-1317.148760330575,-1317.148760330575,-1317.148760330575,-1317.148760330575,-1317.148760330575],[-376750,-367314.06141520833,-0,-0,-0,-0,-0,-0,-0,-0,-0,-0],[-364166.66666666669,-399809.10313458339,-0,-0,-0,-0,-0,-0,-0,-0,-0,-0],[-351666.66666666669,-367314.06141520833,-0,-0,-0,-0,-0,-0,-0,-0,-0,-0],[-339083.33333333337,-367314.06141520833,-1317.148760330575,-1317.148760330575,-1317.148760330575,-1317.148760330575,-1317.148760330575,-1317.148760330575,-1317.148760330575,-1317.148760330575,-1317.148760330575,-1317.148760330575],[-313916.66666666669,-367314.06141520833,-1317.148760330575,-1317.148760330575,-1317.148760330575,-1317.148760330575,-1317.148760330575,-1317.148760330575,-1317.148760330575,-1317.148760330575,-1317.148760330575,-1317.148760330575],[-326500,-367314.06141520833,-2634.2975206611586,-2634.2975206611586,-2634.2975206611586,-2634.2975206611586,-2634.2975206611586,-2634.2975206611586,-2634.2975206611586,-2634.2975206611586,-2634.2975206611586,-2634.2975206611586],[-339083.33333333337,-399809.10313458339,-2634.2975206611586,-2634.2975206611586,-2634.2975206611586,-2634.2975206611586,-2634.2975206611586,-2634.2975206611586,-2634.2975206611586,-2634.2975206611586,-2634.2975206611586,-2634.2975206611586],[-351666.66666666669,-367314.06141520833,-2634.2975206611586,-2634.2975206611586,-2634.2975206611586,-2634.2975206611586,-2634.2975206611586,-2634.2975206611586,-2634.2975206611586,-2634.2975206611586,-2634.2975206611586,-2634.2975206611586],[-370500,-0,-10537.190082644667,-10537.190082644667,-10537.190082644667,-10537.190082644667,-10537.190082644667,-10537.190082644667,-10537.190082644667,-10537.190082644667,-10537.190082644667,-10537.190082644667],[-496083.33333333337,-0,-10537.190082644667,-10537.190082644667,-10537.190082644667,-10537.190082644667,-10537.190082644667,-10537.190082644667,-10537.190082644667,-10537.190082644667,-10537.190082644667,-10537.190082644667],[-464666.66666666669,-0,-2634.2975206611586,-2634.2975206611586,-2634.2975206611586,-2634.2975206611586,-2634.2975206611586,-2634.2975206611586,-2634.2975206611586,-2634.2975206611586,-2634.2975206611586,-2634.2975206611586],[-270000,-0,-2634.2975206611586,-2634.2975206611586,-2634.2975206611586,-2634.2975206611586,-2634.2975206611586,-2634.2975206611586,-2634.2975206611586,-2634.2975206611586,-2634.2975206611586,-2634.2975206611586],[-125583.33333333334,-0,-2634.2975206611586,-2634.2975206611586,-2634.2975206611586,-2634.2975206611586,-2634.2975206611586,-2634.2975206611586,-2634.2975206611586,-2634.2975206611586,-2634.2975206611586,-2634.2975206611586],[-18833.333333333336,-0,-1317.148760330575,-1317.148760330575,-1317.148760330575,-1317.148760330575,-1317.148760330575,-1317.148760330575,-1317.148760330575,-1317.148760330575,-1317.148760330575,-1317.148760330575]],"SOC_BAT":[0.5,0.48446292288693904,0.47227008196309445,0.4599580652388599,0.44948885853969983,0.4394687429999245,0.41585897888742873,0.3851245071950809,0.34248577270005548,0.31319517888715248,0.31319517888715248,0.34455978361420925,0.37593471343977075,0.4071674384299121,0.43826841605674888,0.46924332825498205,0.50009375826916869,0.53082116286308367,0.56141969920155976,0.591875952240981,0.591875952240981,0.57563349121040985,0.54937298243179966,0.51204556403401613],"SOC_SC":[0.50000000000000033,0.50000000000000033,0.50000000000000033,0.50000000000000033,0.50000000000000033,0.50000000000000033,0.50000000000000033,0.50000000000000033,0.50000000000000033,0.50000000000000033,0.50000000000000033,0.50000000000000033,0.50000000000000033,0.50000000000000033,0.50000000000000033,0.50000000000000033,0.50000000000000033,0.50000000000000033,0.50000000000000033,0.50000000000000033,0.50000000000000033,0.50000000000000033,0.50000000000000033,0.50000000000000033],