{
    "FF": 0.6044024709790305,
    "FF_base": 0.6044024709790305,
    "FF_W": 0.5639817787241399,
    "FF_SB": -0.0,
    "FF_shift": 0.0,
    "Eff": 1.0859239730976633
}