{
    "FF": 0.5819447223362487,
    "FF_base": 0.6044024709790305,
    "FF_W": 0.15907100605243635,
    "FF_SB": 687.5632319739827,
    "FF_shift": -3.8590862294659147,
    "Eff": 1.0284049100563157
}