{
    "FF": 0.5963090839591333,
    "FF_base": 0.6044024709790305,
    "FF_W": 0.28711313841747743,
    "FF_SB": 503.8647792648621,
    "FF_shift": -1.3572469777186758,
    "Eff": 1.044633875576411
}