{
    "FF": 0.6202890416724424,
    "FF_base": 0.6044024709790305,
    "FF_W": 0.2441175303812525,
    "FF_SB": 575.9484874365477,
    "FF_shift": 2.561156110476812,
    "Eff": 1.0383624915600147
}