{
    "FF": 0.606211463286039,
    "FF_base": 0.6044024709790305,
    "FF_W": 0.6130926322973567,
    "FF_SB": -64.57372172409544,
    "FF_shift": 0.2984094522400867,
    "Eff": 1.0824003828586264
}