{
    "FF": 0.5046587220006103,
    "FF_base": 0.6044024709790305,
    "FF_W": 0.3323350413247096,
    "FF_SB": 364.1882927749373,
    "FF_shift": -19.764594295132298,
    "Eff": 1.058555456479282
}